numTicket;nom_tvx_sin3;codeSite;typeSite;prio;planifié;date_creation;date_in_got;datePrev;dateExec;date_limite;date_blocage;appli_creatrice;temps_methode;Service_Attribution;Resp_Site_Tps;Resp_Site_Mrs;Etat_Gel;motif_Gel;id_blocage_sin3
15549636;BTS_DEP/VDR_Recette (Type: Aérienne);59383_005_01;bts;5;Oui;;2024-01-25 11:36:02;2024-02-02 10:00:00;;2024-02-02 23:59:59;;Interface RDV;5100;Radio;bdudzinski;jfauveaux;Retrait;Equipement de protection manquant / inadapté;37251
16198593;BTS_DEP/VDR_Recette (Type: Aérienne);59225_002_03;bts;5;Oui;2024-04-19 10:12:47;2024-04-19 10:16:03;2024-05-31 14:00:00;;2024-05-31 23:59:59;;Interface RDV;5100;Radio;gruvio;llhou;;;
16691808;BTS_DEP/VDR_Materiel (Action: Inventaire AERIEN / Type : Upgrade);59284_001_01;bts;5;Oui;2024-06-24 12:27:17;2024-06-24 12:31:02;2024-07-19 10:00:00;;2024-07-19 23:59:59;;RDV Odt secondaire;5700;Radio;bdudzinski;atournet;;;
16839199;BTS_DEP/VDR_Materiel (Action: Inventaire AERIEN / Type : Initial);59572_001_01;bts;5;Oui;2024-07-11 16:09:50;2024-07-11 16:11:02;2024-07-25 10:00:00;;2024-07-25 23:59:59;;RDV Odt secondaire;6000;Radio;gruvio;llhou;;;
17056637;BTS_DEP/VDR_Materiel (Action: Inventaire AERIEN / Type : Upgrade);59459_001_01;bts;5;Oui;2024-08-12 09:39:58;2024-08-12 09:41:02;2024-08-22 14:00:00;;2024-08-22 23:59:59;;RDV Odt secondaire;5700;Radio;bdudzinski;jfauveaux;;;
17090965;BTS_DEP/VDR_Materiel (Action: Inventaire SOL / Type : Upgrade);59603_003_01;bts;5;Oui;2024-08-19 16:09:35;2024-08-19 16:11:03;2024-09-03 14:00:00;;2024-09-03 23:59:59;;RDV Odt secondaire;3000;Radio;bdudzinski;jfauveaux;;;
18571807;BTS_DEP/VDR_Recette (Type: Aérienne);59392_002_02;bts;5;Oui;2025-02-26 08:23:39;2025-02-26 08:26:03;2025-03-13 10:00:00;;2025-03-13 00:00:00;;Interface RDV;5100;Radio;gruvio;llhou;;;
18692814;BTS_DEP/VDR_Recette (Type: Aérienne);59606_023_01;bts;5;Oui;2025-03-11 16:18:29;2025-03-11 16:21:04;2025-04-04 14:00:00;;2025-04-04 00:00:00;;Interface RDV;5100;Radio;bdudzinski;jfauveaux;;;
18973601;BTS_DEP/VDR_Materiel (Action: Controle / Type: VPI);59544_001_02;bts;5;Oui;2025-04-17 08:53:18;2025-04-17 08:56:02;2026-01-08 12:55:00;;2025-05-13 23:59:59;;odt_cr;7200;MER;bdudzinski;jfauveaux;;;
20148932;BTS_DEP/VDR_Documents;59160_004_01;bts;5;Oui;2025-09-18 15:03:13;2025-09-18 15:06:02;2025-12-23 09:00:00;;2025-12-23 23:59:59;;Interface RDV;2100;MER;gruvio;;;;
20435842;BTS_DEP/VDR_Recette (Type: Aérienne);59365_002_02;bts;5;Oui;2025-10-22 17:33:59;2025-10-22 17:36:03;2025-12-04 15:00:00;;2025-12-04 23:59:59;;Interface RDV;5100;MER;gruvio;;;;
20736345;BTS_DEP/VDR_Recette (Type: Aérienne);59002_002_01;bts;5;Oui;2025-12-23 15:03:07;2025-12-23 15:06:03;2026-06-25 15:00:00;;2026-06-25 23:59:59;;Interface RDV;5100;MER;;;;;
20916666;BTS_AC_VPE (Action: VPE / Type: Accompagnement FR);59032_007_01;bts;5;Non;2026-02-02 13:26:57;2026-02-02 13:31:03;2026-03-06 13:35:00;2026-03-06 13:36:29;2026-02-23 23:59:59;;[CORSAIR]GBTS;1200;MER;;;;;
20916743;BTS_AC_VPE (Action: VPE / Type: Accompagnement FR);59606_006_03;bts;5;Non;2026-02-02 13:32:56;2026-02-02 13:36:04;;2026-03-04 12:30:41;2026-02-23 23:59:59;;[CORSAIR]GBTS;1200;MER;;;;;
20916749;BTS_AC_VPE (Action: VPE / Type: Accompagnement FR);59459_003_01;bts;5;Non;2026-02-02 13:33:01;2026-02-02 13:36:05;;2026-03-05 11:12:16;2026-02-23 23:59:59;;[CORSAIR]GBTS;1200;MER;;;;;
20916754;BTS_AC_VPE (Action: VPE / Type: Accompagnement FR);59383_003_01;bts;5;Non;2026-02-02 13:33:05;2026-02-02 13:36:05;2026-03-09 10:05:00;2026-03-09 10:50:51;2026-02-23 23:59:59;;[CORSAIR]GBTS;1200;MER;;;;;
20916894;BTS_AC_VPE (Action: VPE / Type: Accompagnement FR);59079_004_01;bts;5;Non;2026-02-02 13:44:16;2026-02-02 13:46:24;;2026-03-03 14:54:51;2026-02-23 23:59:59;;[CORSAIR]GBTS;1200;MER;;;;;
20918072;BTS_AC_VPE (Action: VPE / Type: Accompagnement FR);59365_003_02;bts;5;Non;2026-02-02 15:23:16;2026-02-02 15:26:04;;;2026-02-23 23:59:59;;[CORSAIR]GBTS;1200;MER;;;;;
20956029;BTS_DEP/VDR_Recette (Type: Aérienne);59606_007_01;bts;5;Non;2026-02-10 09:03:42;2026-02-10 09:06:03;;;2026-03-03 23:59:59;;Interface RDV Child;5100;MER;;;;;
21044832;BTS_AC_VPE (Action: VPE / Type: Accompagnement FR);59403_001_01;bts;5;Non;2026-02-27 08:40:25;2026-02-27 08:41:04;2026-04-01 12:30:00;2026-04-01 14:46:06;2026-03-20 23:59:59;;[CORSAIR]GBTS;1200;MER;;;;;
21044834;BTS_AC_VPE (Action: VPE / Type: Accompagnement FR);59526_001_01;bts;5;Non;2026-02-27 08:40:26;2026-02-27 08:41:04;2026-04-01 13:35:00;2026-04-01 15:28:46;2026-03-20 23:59:59;;[CORSAIR]GBTS;1200;MER;;;;;
21044835;BTS_AC_VPE (Action: VPE / Type: Accompagnement FR);59526_002_01;bts;5;Non;2026-02-27 08:40:27;2026-02-27 08:41:04;2026-04-01 15:30:00;2026-04-01 15:07:09;2026-03-20 23:59:59;;[CORSAIR]GBTS;1200;MER;;;;;
21078592;BTS_DEP/VDR_Materiel (Action: Inventaire AERIEN / Type : Upgrade);59276_001_01;bts;5;Oui;2026-03-05 10:27:04;2026-03-05 10:31:03;2026-04-07 17:40:00;;2026-03-17 23:59:59;;RDV Odt secondaire;5700;MER;;;;;
21398873;HEP_DEP/VDR_Documents (Action: Demande Annexe B);MAU59;nra;2;Non;2026-05-19 09:57:38;2026-05-19 10:01:03;;;2026-05-21 23:59:59;2026-06-30 08:45:42;[SIN3]Systeme;900;MER;;;Retrait;Planif Réseau;145415
21429448;NR_DEP/VDR_Documents (Action: Signature / Type: Annexe D);S2I59;nra;5;Non;2026-05-26 14:04:57;2026-05-26 14:06:08;;;2026-06-16 23:59:59;;[SIN3]Systeme;600;Réseau;;;;;
21429610;NR_DEP/VDR_Documents (Action: Signature / Type: Annexe D);S2I59;nra;5;Non;2026-05-26 14:29:25;2026-05-26 14:31:03;;;2026-06-16 23:59:59;;[ARWEN]DNR;600;Réseau;;;;;
21429654;NR_DEP/VDR_Documents (Action: Signature / Type: Annexe D);S2I59;nra;5;Non;2026-05-26 14:36:02;2026-05-26 14:36:06;;;2026-06-16 23:59:59;;[ARWEN]DNR;600;Réseau;;;;;
21429906;NR_DEP/VDR_Documents (Action: Signature / Type: Annexe D);BII59;nra;5;Non;2026-05-26 15:07:18;2026-05-26 15:11:06;;;2026-06-16 23:59:59;;[SIN3]Systeme;600;Réseau;;;;;
21430514;NR_DEP/VDR_Documents (Action: Signature / Type: Annexe D);BII59;nra;5;Non;2026-05-26 16:11:51;2026-05-26 16:16:03;;;2026-06-16 23:59:59;;[ARWEN]DNR;600;Réseau;;;;;
21430525;NR_DEP/VDR_Documents (Action: Signature / Type: Annexe D);BII59;nra;5;Non;2026-05-26 16:16:02;2026-05-26 16:16:03;;;2026-06-16 23:59:59;;[ARWEN]DNR;600;Réseau;;;;;
21430647;NR_DEP/VDR_Documents (Action: Signature / Type: Annexe D);WTN59;nra;5;Non;2026-05-26 16:35:07;2026-05-26 16:36:06;;;2026-06-16 23:59:59;;[SIN3]Systeme;600;Réseau;;;;;
21430824;NR_DEP/VDR_Documents (Action: Signature / Type: Annexe D);WTN59;nra;5;Non;2026-05-26 17:09:32;2026-05-26 17:11:03;;;2026-06-17 23:59:59;;[ARWEN]DNR;600;Réseau;;;;;
21430844;NR_DEP/VDR_Documents (Action: Signature / Type: Annexe D);WTN59;nra;5;Non;2026-05-26 17:16:02;2026-05-26 17:16:04;;;2026-06-17 23:59:59;;[ARWEN]DNR;600;Réseau;;;;;
21431401;BTS_EXPLOIT (Action: Test débit);59185_002_01;bts;5;Non;2026-05-27 00:25:13;2026-05-27 00:26:03;;;2026-06-17 23:59:59;;[SIN3]Systeme;600;MER;;;;;
21438284;BTS_EXPLOIT (Action: Test débit);59369_001_01;bts;5;Oui;2026-05-28 00:06:20;2026-05-28 00:11:02;2026-07-30 15:25:00;;2026-06-18 23:59:59;;[SIN3]Systeme;600;MER;;;;;
21440326;NR_DEP/VDR_Documents (Action: Signature / Type: Annexe D);H2G59;nra;5;Non;2026-05-28 11:42:33;2026-05-28 11:46:03;;;2026-06-18 23:59:59;;[SIN3]Systeme;600;Réseau;;;Retrait;Attente de travaux / reprises;149481
21440367;NR_DEP/VDR_Documents (Action: Signature / Type: Annexe D);H2G59;nra;5;Non;2026-05-28 11:49:32;2026-05-28 11:51:07;;;2026-06-18 23:59:59;;[ARWEN]DNR;600;Réseau;;;Retrait;Attente de travaux / reprises;149482
21440394;NR_DEP/VDR_Documents (Action: Signature / Type: Annexe D);H2G59;nra;5;Non;2026-05-28 11:56:02;2026-05-28 11:56:04;;;2026-06-18 23:59:59;;[ARWEN]DNR;600;Réseau;;;Retrait;Attente de travaux / reprises;149483
21442340;NR_DEP/VDR_Documents (Action: Signature / Type: Annexe D);ROU59;nra;5;Non;2026-05-28 16:29:30;2026-05-28 16:31:02;;;2026-06-18 23:59:59;;[ARWEN]DNR;600;Réseau;;;;;
21451658;BTS_EXPLOIT (Action: Test débit);59661_002_03;bts;5;Non;2026-05-30 00:06:39;2026-05-30 00:11:02;;;2026-06-22 23:59:59;;[SIN3]Systeme;600;MER;;;;;
21464081;BTS_EXPLOIT (Action: Test débit);59574_004_01;bts;5;Non;2026-06-02 00:22:34;2026-06-02 00:26:03;;;2026-06-23 23:59:59;;[SIN3]Systeme;600;MER;;;;;
21464097;BTS_EXPLOIT (Action: Test débit);59014_001_01;bts;5;Non;2026-06-02 00:22:34;2026-06-02 00:26:03;;;2026-06-23 23:59:59;;[SIN3]Systeme;600;MER;;;;;
21467255;BTS_AC_VPE (Action: VPE / Type: Accompagnement FR);59632_001_01;bts;5;Non;2026-06-02 13:34:25;2026-06-02 13:36:07;2026-06-08 12:07:00;2026-06-08 12:02:30;2026-06-23 23:59:59;;[CORSAIR]GBTS;1200;MER;;;;;
21468049;BDE_Sollicitation;CAN59;pm;5;Non;2026-06-02 15:06:57;2026-06-02 15:06:57;2026-06-02 15:06:57;;;;[Artix]GoT;1800;Fibre;;;;;
21471934;BTS_AC_VPE (Action: VPE / Type: Accompagnement FR);59392_015_01;bts;5;Non;2026-06-03 11:40:37;2026-06-03 11:41:03;2026-06-08 12:48:00;2026-06-08 12:03:08;2026-06-24 23:59:59;;[CORSAIR]GBTS;1200;MER;;;;;
21479422;BTS_MA_SFP;59261_001_01;bts;3;Non;2026-06-04 14:41:13;2026-06-04 14:46:03;;;2026-06-11 23:59:59;2026-07-03 09:16:09;[CORSAIR]GBTS;3600;MER;;;Retrait;Attente devis Nacelliste;147151
21483625;BTS_EXPLOIT (Action: Test débit);59491_005_01;bts;5;Non;2026-06-05 00:13:57;2026-06-05 00:16:02;;;2026-06-26 23:59:59;;[SIN3]Systeme;600;MER;;;;;
21483713;BTS_EXPLOIT (Action: Test débit);59632_001_01;bts;5;Non;2026-06-05 00:13:57;2026-06-05 00:16:03;;;2026-06-26 23:59:59;;[SIN3]Systeme;600;MER;;;;;
21486540;PM_M_Fibre (Action: Vérification / Raison: Absence de signal);CAN59;pm;2;Oui;2026-06-05 12:04:14;2026-06-05 12:06:06;2026-06-16 14:45:00;;2026-06-09 23:59:59;;[SIN3]Nyx;6000;Fibre;;;Retrait;Attente de travaux / reprises;148310
21490217;BTS_EXPLOIT (Action: Test débit);59459_001_01;bts;5;Non;2026-06-05 23:58:11;2026-06-06 00:01:02;;;2026-06-29 23:59:59;;[SIN3]Systeme;600;MER;;;;;
21503284;NR_DEP/VDR_Documents (Action: Signature / Type: Annexe D);FOU59;nra;5;Non;2026-06-09 15:45:33;2026-06-09 15:46:14;;;2026-06-30 23:59:59;2026-07-29 16:36:19;[ARWEN]DNR;600;Réseau;;;Validé;Aucune disponibilité technicien;152753
21510944;BTS_EXPLOIT (Action: Test débit);59172_022_01;bts;5;Non;2026-06-10 23:30:09;2026-06-10 23:31:03;;;2026-07-02 23:59:59;;[SIN3]Systeme;600;MER;;;;;
21513076;BTS_MA_Module RF (Matériel: FRPD / Raison: En défaut);59413_001_01;bts;3;Non;2026-06-11 10:26:24;2026-06-11 10:31:03;;;2026-06-16 23:59:59;2026-07-13 13:12:31;[CORSAIR]GBTS;5100;MER;;;Retrait;Attente devis Nacelliste;147830
21516739;BTS_MA_Module RF (Matériel: AEQE_I / Raison: Non détecté);59221_002_01;bts;3;Non;2026-06-11 16:41:11;2026-06-11 16:46:03;;;2026-06-18 23:59:59;2026-07-13 13:12:48;[CORSAIR]GBTS;3600;MER;;;Retrait;Attente devis Nacelliste;147880
21517263;BTS_DEP/VDR_Materiel (Action: Inventaire AERIEN / Type : Initial);59172_025_01;bts;5;Non;2026-06-11 19:26:33;2026-06-11 19:31:03;;;2026-07-01 23:59:59;;RDV Odt secondaire;6000;Radio;;;;;
21517264;BTS_DEP/VDR_Materiel (Action: Inventaire SOL / Type : Initial);59172_025_01;bts;5;Non;2026-06-11 19:26:33;2026-06-11 19:31:03;;;2026-07-01 23:59:59;;RDV Odt secondaire;3600;TPS+MRS;;;;;
21517591;BTS_EXPLOIT (Action: Test débit);59526_001_01;bts;5;Non;2026-06-12 00:21:48;2026-06-12 00:26:04;;;2026-07-03 23:59:59;;[SIN3]Systeme;600;MER;;;;;
21523439;BDE_Sollicitation;BON59;pm;5;Non;2026-06-12 16:41:13;2026-06-12 16:41:13;2026-06-12 16:41:13;;;;[Artix]GoT;1800;Fibre;;;;;
21523958;BTS_DEP/VDR_Materiel (Action: Swap Trans 4G en FO);59632_001_01;bts;4;Non;2026-06-12 18:59:25;2026-06-12 19:01:03;2026-07-27 15:41:00;2026-07-27 15:20:48;2026-06-29 23:59:59;2026-07-29 07:55:33;[CORSAIR]GBTS;3600;MER;;;Retrait;Accès site impossible (chemin / Route inaccessibles);149466
21524457;BTS_EXPLOIT (Action: Test débit);59230_003_01;bts;5;Non;2026-06-13 00:05:55;2026-06-13 00:06:04;;;2026-07-06 23:59:59;;[SIN3]Systeme;600;MER;;;;;
21533812;BTS_EXPLOIT (Action: Test débit);59253_007_01;bts;5;Non;2026-06-16 00:20:35;2026-06-16 00:21:03;;;2026-07-07 23:59:59;;[SIN3]Systeme;600;MER;;;;;
21540991;BTS_EXPLOIT (Action: Test débit);59606_023_01;bts;5;Non;2026-06-17 00:04:07;2026-06-17 00:06:02;;;2026-07-08 23:59:59;;[SIN3]Systeme;600;MER;;;;;
21541046;BTS_EXPLOIT (Action: Test débit);59606_028_01;bts;5;Non;2026-06-17 00:04:08;2026-06-17 00:06:03;;;2026-07-08 23:59:59;;[SIN3]Systeme;600;MER;;;;;
21546494;BDE_Sollicitation;CAN59;pm;5;Non;2026-06-17 16:55:07;2026-06-17 16:55:07;2026-06-17 16:55:07;;;;[Artix]GoT;1800;Fibre;;;;;
21546504;BDE_Sollicitation;CAN59;pm;5;Non;2026-06-17 16:56:41;2026-06-17 16:56:41;2026-06-17 16:56:41;;;;[Artix]GoT;1800;Fibre;;;;;
21547120;BTS_EXPLOIT (Action: Test débit);59428_002_01;bts;5;Non;2026-06-18 00:04:02;2026-06-18 00:06:02;;;2026-07-09 23:59:59;;[SIN3]Systeme;600;MER;;;;;
21547125;BTS_EXPLOIT (Action: Test débit);59428_001_08;bts;5;Non;2026-06-18 00:04:02;2026-06-18 00:06:02;;;2026-07-09 23:59:59;;[SIN3]Systeme;600;MER;;;;;
21549508;BTS_DEP/VDR_Materiel (Action: Remise en conformité / Type: VPE);59459_001_01;bts;5;Non;2026-06-18 11:42:15;2026-06-18 11:46:03;;;2026-07-09 23:59:59;;[SIN3]Presta;4800;MER;;;;;
21549516;BTS_DEP/VDR_Materiel (Action: Remise en conformité / Type: VPE);59353_002_03;bts;5;Non;2026-06-18 11:43:54;2026-06-18 11:46:03;;;2026-07-09 23:59:59;;[SIN3]Presta;4800;MER;;;;;
21552702;BTS_EXPLOIT (Action: Test débit);59253_002_01;bts;5;Non;2026-06-19 00:11:24;2026-06-19 00:16:03;;;2026-07-10 23:59:59;;[SIN3]Systeme;600;MER;;;;;
21554709;NR_DEP/VDR_Documents (Action: Demande / Type: Annexe D);CAU59;nra;3;Non;2026-06-19 10:42:08;2026-06-19 10:46:11;2026-07-20 17:35:00;2026-07-20 17:57:53;2026-06-26 23:59:59;;[ARWEN]DNR;1800;Réseau;;;;;
21558513;BTS_EXPLOIT (Action: Test débit);59291_004_02;bts;5;Non;2026-06-19 23:43:22;2026-06-19 23:46:03;;;2026-07-13 23:59:59;;[SIN3]Systeme;600;MER;;;;;
21564046;BTS_MS_Module Système (Matériel: Filtre AMOD);59122_001_01;bts;3;Non;2026-06-22 14:19:13;2026-06-22 14:21:08;;;2026-06-29 23:59:59;2026-07-27 10:59:43;[CORSAIR]GBTS;2100;MER;;;Retrait;Attente Action Patrimoine;149046
21568094;BTS_EXPLOIT (Action: Test débit);59606_024_01;bts;5;Non;2026-06-23 00:05:19;2026-06-23 00:06:08;;;2026-07-15 23:59:59;;[SIN3]Systeme;600;MER;;;;;
21572266;BDE_Sollicitation;BON59;pm;5;Non;2026-06-23 15:01:28;2026-06-23 15:01:28;2026-06-23 15:01:28;;;;[Artix]GoT;1800;Fibre;;;;;
21573935;BTS_EXPLOIT (Action: Test débit);59606_007_01;bts;5;Non;2026-06-23 23:32:46;2026-06-23 23:36:03;;;2026-07-16 23:59:59;;[SIN3]Systeme;600;MER;;;;;
21575659;BOX_G_Réception;Lille_StockRegional_RSR;stock_local;4;Non;2026-06-24 09:43:33;2026-06-24 09:43:33;2026-06-24 12:43:00;2026-06-24 12:36:14;;;[Artix]GoT;1800;Réseau;;;;;
21577601;NR_DEP/VDR_Documents (Action: Upload Annexe D / Type: Démantèlement);FOU59;nra;3;Non;2026-06-24 13:52:02;2026-06-24 13:56:05;;;2026-07-01 23:59:59;2026-07-29 16:36:24;[ARWEN]DNR;300;Réseau;;;Validé;Aucune disponibilité technicien;152752
21579584;BTS_DEP/VDR_Materiel (Action: Inventaire SOL / Type : Upgrade);59606_006_03;bts;5;Non;2026-06-24 20:53:02;2026-06-24 20:56:05;;;2026-07-17 23:59:59;;Interface RDV Child;3000;TPS+MRS;;;;;
21579585;BTS_DEP/VDR_Materiel (Action: Inventaire AERIEN / Type : Upgrade);59606_006_03;bts;5;Non;2026-06-24 20:53:02;2026-06-24 20:56:05;;;2026-07-17 23:59:59;;Interface RDV Child;5700;Radio;;;;;
21579586;BTS_DEP/VDR_Audit (Action: Vérification recette autonome FM / Conf: C10);59606_006_03;bts;5;Non;2026-06-24 20:53:02;2026-06-24 20:56:05;;;2026-07-17 23:59:59;;Interface RDV Child;3600;MER;;;;;
21579767;BTS_EXPLOIT (Action: Test débit);59291_012_01;bts;5;Non;2026-06-25 00:16:37;2026-06-25 00:18:29;;;2026-07-17 23:59:59;;[SIN3]Systeme;600;MER;;;;;
21579947;BTS_EXPLOIT (Action: Test débit);59276_001_01;bts;5;Non;2026-06-25 00:16:39;2026-06-25 00:18:29;;;2026-07-17 23:59:59;;[SIN3]Systeme;600;MER;;;;;
21584940;BTS_EXPLOIT (Action: Test débit);59172_017_02;bts;5;Non;2026-06-25 23:28:05;2026-06-25 23:31:03;;;2026-07-20 23:59:59;;[SIN3]Systeme;600;MER;;;;;
21590114;NR_DEP/VDR_Documents (Action: Upload Annexe D / Type: Démantèlement);ROU59;nra;3;Non;2026-06-26 17:08:01;2026-06-26 17:11:03;2026-07-20 16:18:00;2026-07-20 16:35:44;2026-07-06 23:59:59;;[ARWEN]DNR;300;Réseau;;;;;
21590670;BTS_EXPLOIT (Action: Test débit);59301_001_01;bts;5;Non;2026-06-27 00:44:35;2026-06-27 00:46:03;;;2026-07-21 23:59:59;;[SIN3]Systeme;600;MER;;;;;
21590756;BTS_EXPLOIT (Action: Test débit);59032_004_01;bts;5;Non;2026-06-27 00:44:36;2026-06-27 00:46:03;;;2026-07-21 23:59:59;;[SIN3]Systeme;600;TPS+MRS;;;;;
21598849;BTS_EXPLOIT (Action: Test débit);59112_002_01;bts;5;Non;2026-06-30 00:42:12;2026-06-30 00:46:04;;;2026-07-22 23:59:59;;[SIN3]Systeme;600;MER;;;;;
21598874;BTS_EXPLOIT (Action: Test débit);59383_005_01;bts;5;Non;2026-06-30 00:42:12;2026-06-30 00:46:04;;;2026-07-22 23:59:59;;[SIN3]Systeme;600;MER;;;;;
21603456;BTS_MA_SFP;59068_001_01;bts;5;Non;2026-06-30 11:03:59;2026-06-30 11:06:03;;;2026-07-22 23:59:59;;[CORSAIR]GBTS;3600;MER;;;;;
21610052;BTS_EXPLOIT (Action: Test débit);59172_009_03;bts;5;Non;2026-07-01 00:15:07;2026-07-01 00:16:02;;;2026-07-23 23:59:59;;[SIN3]Systeme;600;MER;;;;;
21610091;BTS_EXPLOIT (Action: Test débit);59008_004_01;bts;5;Non;2026-07-01 00:15:07;2026-07-01 00:16:02;;;2026-07-23 23:59:59;;[SIN3]Systeme;600;MER;;;;;
21619324;BTS_DEP/VDR_Materiel (Action: Swap Trans 4G en FO);59122_001_01;bts;4;Non;2026-07-01 23:00:38;2026-07-01 23:01:08;;;2026-07-17 23:59:59;2026-07-27 10:59:50;[CORSAIR]GBTS;3600;MER;;;Validé;Attente Action Négo;152424
21619385;BTS_DEP/VDR_Materiel (Action: Swap Trans 4G en FO);59447_001_01;bts;4;Non;2026-07-01 23:01:06;2026-07-01 23:06:03;;;2026-07-17 23:59:59;;[CORSAIR]GBTS;3600;MER;;;;;
21619396;BTS_DEP/VDR_Materiel (Action: Swap Trans 4G en FO);59491_004_01;bts;4;Oui;2026-07-01 23:01:11;2026-07-01 23:06:04;2026-07-30 09:00:00;2026-07-28 13:38:31;2026-07-17 23:59:59;;[CORSAIR]GBTS;3600;MER;;;;;
21619426;BTS_DEP/VDR_Materiel (Action: Swap Trans 4G en FO);59606_014_01;bts;4;Oui;2026-07-01 23:01:24;2026-07-01 23:06:04;2026-07-30 10:20:00;;2026-07-17 23:59:59;;[CORSAIR]GBTS;3600;MER;;;;;
21620222;BTS_EXPLOIT (Action: Test débit);59459_003_01;bts;5;Non;2026-07-02 00:10:24;2026-07-02 00:11:04;;;2026-07-24 23:59:59;;[SIN3]Systeme;600;MER;;;;;
21621844;NR_DEP/VDR_Documents (Action: Demande / Type: Annexe D);VAL59;nra;3;Non;2026-07-02 10:12:02;2026-07-02 10:16:05;;;2026-07-09 23:59:59;;[ARWEN]DNR;1800;Réseau;;;;;
21621990;NR_DEP/VDR_Documents (Action: Demande / Type: Annexe D);VAL59;nra;3;Non;2026-07-02 10:28:02;2026-07-02 10:31:03;;;2026-07-09 23:59:59;;[ARWEN]DNR;1800;Réseau;;;;;
21622215;NR_DEP/VDR_Documents (Action: Demande / Type: Annexe D);VAL59;nra;3;Non;2026-07-02 10:54:02;2026-07-02 10:56:04;;;2026-07-09 23:59:59;;[ARWEN]DNR;1800;Réseau;;;;;
21622515;NR_DEP/VDR_Documents (Action: Demande / Type: Annexe D);VAL59;nra;3;Non;2026-07-02 11:26:01;2026-07-02 11:26:05;;;2026-07-09 23:59:59;;[ARWEN]DNR;1800;Réseau;;;;;
21622675;NR_DEP/VDR_Documents (Action: Demande / Type: Annexe D);VAL59;nra;3;Non;2026-07-02 11:40:01;2026-07-02 11:41:05;;;2026-07-09 23:59:59;;[ARWEN]DNR;1800;Réseau;;;;;
21622692;NR_DEP/VDR_Documents (Action: Demande / Type: Annexe D);VAL59;nra;3;Non;2026-07-02 11:42:02;2026-07-02 11:46:05;;;2026-07-09 23:59:59;;[ARWEN]DNR;1800;Réseau;;;;;
21622706;NR_DEP/VDR_Documents (Action: Demande / Type: Annexe D);VAL59;nra;3;Non;2026-07-02 11:44:02;2026-07-02 11:46:05;;;2026-07-09 23:59:59;;[ARWEN]DNR;1800;Réseau;;;;;
21622776;NR_DEP/VDR_Documents (Action: Demande / Type: Annexe D);VAL59;nra;3;Non;2026-07-02 11:50:02;2026-07-02 11:51:15;;;2026-07-09 23:59:59;;[ARWEN]DNR;1800;Réseau;;;;;
21622787;NR_DEP/VDR_Documents (Action: Demande / Type: Annexe D);VAL59;nra;3;Non;2026-07-02 11:52:02;2026-07-02 11:56:08;;;2026-07-09 23:59:59;;[ARWEN]DNR;1800;Réseau;;;;;
21624203;NR_DEP/VDR_Documents (Action: Demande / Type: Annexe D);DEN59;nra;3;Non;2026-07-02 14:16:02;2026-07-02 14:16:06;;;2026-07-09 23:59:59;;[ARWEN]DNR;1800;Réseau;;;;;
21626648;BTS_EXPLOIT (Action: Test débit);59544_001_02;bts;5;Non;2026-07-03 00:34:05;2026-07-03 00:36:14;;;2026-07-27 23:59:59;;[SIN3]Systeme;600;MER;;;;;
21626703;BTS_EXPLOIT (Action: Test débit);59227_001_02;bts;5;Non;2026-07-03 00:34:05;2026-07-03 00:36:14;;;2026-07-27 23:59:59;;[SIN3]Systeme;600;MER;;;;;
21632235;BTS_DEP/VDR_Materiel (Action: Inventaire AERIEN / Type : Upgrade);59392_002_02;bts;5;Non;2026-07-03 15:23:58;2026-07-03 15:26:05;;;2026-07-15 23:59:59;;RDV Odt secondaire;5700;Radio;;;;;
21632236;BTS_DEP/VDR_Materiel (Action: Inventaire SOL / Type : Upgrade);59392_002_02;bts;5;Non;2026-07-03 15:23:58;2026-07-03 15:26:05;;;2026-07-15 23:59:59;;RDV Odt secondaire;3000;TPS+MRS;;;;;
21633958;BTS_EXPLOIT (Action: Test débit);59205_001_01;bts;5;Non;2026-07-03 23:28:05;2026-07-03 23:31:03;;;2026-07-28 23:59:59;;[SIN3]Systeme;600;MER;;;;;
21634077;BTS_EXPLOIT (Action: Test débit);59557_003_01;bts;5;Non;2026-07-03 23:28:06;2026-07-03 23:31:03;;;2026-07-28 23:59:59;;[SIN3]Systeme;600;MER;;;;;
21644544;NR_M_Equipement (Action: Nettoyage / Matériel: OLT);AUL59;nra;4;Non;2026-07-06 17:40:01;2026-07-06 17:41:23;;;2026-07-22 23:59:59;;[SIN3]Systeme;300;Réseau;;;;;
21644545;NR_M_Equipement (Action: Nettoyage / Matériel: OLT);AUL59;nra;4;Non;2026-07-06 17:40:01;2026-07-06 17:41:23;;;2026-07-22 23:59:59;;[SIN3]Systeme;300;Réseau;;;;;
21644546;NR_M_Equipement (Action: Nettoyage / Matériel: OLT);AUL59;nra;4;Non;2026-07-06 17:40:01;2026-07-06 17:41:23;;;2026-07-22 23:59:59;;[SIN3]Systeme;300;Réseau;;;;;
21644547;NR_M_Equipement (Action: Nettoyage / Matériel: OLT);AUY59;nra;4;Non;2026-07-06 17:40:01;2026-07-06 17:41:23;;;2026-07-22 23:59:59;;[SIN3]Systeme;300;Réseau;;;;;
21644586;NR_M_Equipement (Action: Nettoyage / Matériel: OLT);DEN59;nra;4;Oui;2026-07-06 17:40:01;2026-07-06 17:41:24;2026-07-30 15:55:00;;2026-07-22 23:59:59;;[SIN3]Systeme;300;Réseau;;;;;
21644619;NR_M_Equipement (Action: Nettoyage / Matériel: OLT);HAT59;nra;4;Non;2026-07-06 17:40:01;2026-07-06 17:41:24;;;2026-07-22 23:59:59;;[SIN3]Systeme;300;Réseau;;;;;
21644620;NR_M_Equipement (Action: Nettoyage / Matériel: OLT);HAT59;nra;4;Non;2026-07-06 17:40:01;2026-07-06 17:41:24;;;2026-07-22 23:59:59;;[SIN3]Systeme;300;Réseau;;;;;
21644621;NR_M_Equipement (Action: Nettoyage / Matériel: OLT);HAT59;nra;4;Non;2026-07-06 17:40:01;2026-07-06 17:41:24;;;2026-07-22 23:59:59;;[SIN3]Systeme;300;Réseau;;;;;
21644630;NR_M_Equipement (Action: Nettoyage / Matériel: OLT);IWU59;nra;4;Non;2026-07-06 17:40:01;2026-07-06 17:41:24;;;2026-07-22 23:59:59;;[SIN3]Systeme;300;Réseau;;;;;
21644656;NR_M_Equipement (Action: Nettoyage / Matériel: OLT);MGG59;nra;4;Non;2026-07-06 17:40:01;2026-07-06 17:41:24;;;2026-07-22 23:59:59;;[SIN3]Systeme;300;Réseau;;;;;
21644676;NR_M_Equipement (Action: Nettoyage / Matériel: OLT);QUI59;nra;4;Non;2026-07-06 17:40:01;2026-07-06 17:41:25;;;2026-07-22 23:59:59;;[SIN3]Systeme;300;Réseau;;;;;
21644677;NR_M_Equipement (Action: Nettoyage / Matériel: OLT);QUI59;nra;4;Non;2026-07-06 17:40:01;2026-07-06 17:41:25;;;2026-07-22 23:59:59;;[SIN3]Systeme;300;Réseau;;;;;
21644678;NR_M_Equipement (Action: Nettoyage / Matériel: OLT);QUI59;nra;4;Non;2026-07-06 17:40:01;2026-07-06 17:41:25;;;2026-07-22 23:59:59;;[SIN3]Systeme;300;Réseau;;;;;
21644679;NR_M_Equipement (Action: Nettoyage / Matériel: OLT);QUI59;nra;4;Non;2026-07-06 17:40:01;2026-07-06 17:41:25;;;2026-07-22 23:59:59;;[SIN3]Systeme;300;Réseau;;;;;
21644713;NR_M_Equipement (Action: Nettoyage / Matériel: OLT);SAU59;nra;4;Non;2026-07-06 17:40:01;2026-07-06 17:41:25;;;2026-07-22 23:59:59;;[SIN3]Systeme;300;Réseau;;;;;
21644714;NR_M_Equipement (Action: Nettoyage / Matériel: OLT);SAU59;nra;4;Non;2026-07-06 17:40:01;2026-07-06 17:41:25;;;2026-07-22 23:59:59;;[SIN3]Systeme;300;Réseau;;;;;
21644715;NR_M_Equipement (Action: Nettoyage / Matériel: OLT);SAZ59;nra;4;Non;2026-07-06 17:40:01;2026-07-06 17:41:25;;;2026-07-22 23:59:59;;[SIN3]Systeme;300;Réseau;;;;;
21644722;NR_M_Equipement (Action: Nettoyage / Matériel: OLT);THI59;nra;4;Non;2026-07-06 17:40:01;2026-07-06 17:41:25;;;2026-07-22 23:59:59;;[SIN3]Systeme;300;Réseau;;;;;
21645342;NR_M_Equipement (Action: Nettoyage / Matériel: Switch);AUL59;nra;4;Non;2026-07-06 17:40:19;2026-07-06 17:41:35;;;2026-07-22 23:59:59;;[SIN3]Systeme;300;Réseau;;;;;
21645343;NR_M_Equipement (Action: Nettoyage / Matériel: Switch);AUY59;nra;4;Non;2026-07-06 17:40:19;2026-07-06 17:41:35;;;2026-07-22 23:59:59;;[SIN3]Systeme;300;Réseau;;;;;
21645349;NR_M_Equipement (Action: Nettoyage / Matériel: Switch);BOE59;nra;4;Non;2026-07-06 17:40:19;2026-07-06 17:41:35;;;2026-07-22 23:59:59;;[SIN3]Systeme;300;Réseau;;;;;
21645354;NR_M_Equipement (Action: Nettoyage / Matériel: Switch);CAT59;nra;4;Non;2026-07-06 17:40:19;2026-07-06 17:41:35;;;2026-07-22 23:59:59;;[SIN3]Systeme;300;Réseau;;;;;
21645364;NR_M_Equipement (Action: Nettoyage / Matériel: Switch);HAT59;nra;4;Non;2026-07-06 17:40:19;2026-07-06 17:41:35;;;2026-07-22 23:59:59;;[SIN3]Systeme;300;Réseau;;;;;
21645368;NR_M_Equipement (Action: Nettoyage / Matériel: Switch);LEQ59;nra;4;Non;2026-07-06 17:40:19;2026-07-06 17:41:35;;;2026-07-22 23:59:59;;[SIN3]Systeme;300;Réseau;;;;;
21645382;NR_M_Equipement (Action: Nettoyage / Matériel: Switch);QUI59;nra;4;Non;2026-07-06 17:40:19;2026-07-06 17:41:35;;;2026-07-22 23:59:59;;[SIN3]Systeme;300;Réseau;;;;;
21645386;NR_M_Equipement (Action: Nettoyage / Matériel: Switch);SOL59;nra;4;Non;2026-07-06 17:40:19;2026-07-06 17:41:35;;;2026-07-22 23:59:59;;[SIN3]Systeme;300;Réseau;;;;;
21647338;NR_M_Equipement (Action: Nettoyage / Matériel: OLT);SHL_59038_AVES;nro;4;Non;2026-07-06 17:40:26;2026-07-06 17:42:02;;;2026-07-22 23:59:59;;[SIN3]Systeme;300;Réseau;;;;;
21647344;NR_M_Equipement (Action: Nettoyage / Matériel: OLT);SHL_59049_BANT;nro;4;Non;2026-07-06 17:40:26;2026-07-06 17:42:02;;;2026-07-22 23:59:59;;[SIN3]Systeme;300;Réseau;;;;;
21647347;NR_M_Equipement (Action: Nettoyage / Matériel: OLT);SHL_59063_BEAU;nro;4;Non;2026-07-06 17:40:26;2026-07-06 17:42:03;;;2026-07-22 23:59:59;;[SIN3]Systeme;300;Réseau;;;;;
21647348;NR_M_Equipement (Action: Nettoyage / Matériel: OLT);SHL_59063_BEAU;nro;4;Non;2026-07-06 17:40:26;2026-07-06 17:42:03;;;2026-07-22 23:59:59;;[SIN3]Systeme;300;Réseau;;;;;
21647349;NR_M_Equipement (Action: Nettoyage / Matériel: OLT);SHL_59063_BEAU;nro;4;Non;2026-07-06 17:40:26;2026-07-06 17:42:03;;;2026-07-22 23:59:59;;[SIN3]Systeme;300;Réseau;;;;;
21647350;NR_M_Equipement (Action: Nettoyage / Matériel: OLT);SHL_59063_BEAU;nro;4;Non;2026-07-06 17:40:26;2026-07-06 17:42:03;;;2026-07-22 23:59:59;;[SIN3]Systeme;300;Réseau;;;;;
21647351;NR_M_Equipement (Action: Nettoyage / Matériel: OLT);SHL_59074_BERT;nro;4;Non;2026-07-06 17:40:26;2026-07-06 17:42:03;;;2026-07-22 23:59:59;;[SIN3]Systeme;300;Réseau;;;;;
21647352;NR_M_Equipement (Action: Nettoyage / Matériel: OLT);SHL_59074_BERT;nro;4;Non;2026-07-06 17:40:26;2026-07-06 17:42:03;;;2026-07-22 23:59:59;;[SIN3]Systeme;300;Réseau;;;;;
21647355;NR_M_Equipement (Action: Nettoyage / Matériel: OLT);SHL_59085_BLEC;nro;4;Non;2026-07-06 17:40:26;2026-07-06 17:42:03;;;2026-07-22 23:59:59;;[SIN3]Systeme;300;Réseau;;;;;
21647356;NR_M_Equipement (Action: Nettoyage / Matériel: OLT);SHL_59085_BLEC;nro;4;Non;2026-07-06 17:40:26;2026-07-06 17:42:03;;;2026-07-22 23:59:59;;[SIN3]Systeme;300;Réseau;;;;;
21647358;NR_M_Equipement (Action: Nettoyage / Matériel: OLT);BON59;nro;4;Non;2026-07-06 17:40:26;2026-07-06 17:42:03;;;2026-07-22 23:59:59;;[SIN3]Systeme;300;Réseau;;;;;
21647359;NR_M_Equipement (Action: Nettoyage / Matériel: OLT);BON59;nro;4;Non;2026-07-06 17:40:26;2026-07-06 17:42:03;;;2026-07-22 23:59:59;;[SIN3]Systeme;300;Réseau;;;;;
21647366;NR_M_Equipement (Action: Nettoyage / Matériel: OLT);SHL_59099_BOUS;nro;4;Non;2026-07-06 17:40:26;2026-07-06 17:42:03;;;2026-07-22 23:59:59;;[SIN3]Systeme;300;Réseau;;;;;
21647367;NR_M_Equipement (Action: Nettoyage / Matériel: OLT);SHL_59099_BOUS;nro;4;Non;2026-07-06 17:40:26;2026-07-06 17:42:03;;;2026-07-22 23:59:59;;[SIN3]Systeme;300;Réseau;;;;;
21647372;NR_M_Equipement (Action: Nettoyage / Matériel: OLT);SHL_59134_CART;nro;4;Non;2026-07-06 17:40:26;2026-07-06 17:42:03;;;2026-07-22 23:59:59;;[SIN3]Systeme;300;Réseau;;;;;
21647375;NR_M_Equipement (Action: Nettoyage / Matériel: OLT);SHL_59136_CAMB;nro;4;Non;2026-07-06 17:40:26;2026-07-06 17:42:03;;;2026-07-22 23:59:59;;[SIN3]Systeme;300;Réseau;;;;;
21647376;NR_M_Equipement (Action: Nettoyage / Matériel: OLT);SHL_59136_CAMB;nro;4;Non;2026-07-06 17:40:26;2026-07-06 17:42:03;;;2026-07-22 23:59:59;;[SIN3]Systeme;300;Réseau;;;;;
21647377;NR_M_Equipement (Action: Nettoyage / Matériel: OLT);SHL_59137_CATI;nro;4;Non;2026-07-06 17:40:26;2026-07-06 17:42:03;;;2026-07-22 23:59:59;;[SIN3]Systeme;300;Réseau;;;;;
21647394;NR_M_Equipement (Action: Nettoyage / Matériel: OLT);SHL_59172_DENA;nro;4;Oui;2026-07-06 17:40:26;2026-07-06 17:42:03;2026-07-30 16:30:00;;2026-07-22 23:59:59;;[SIN3]Systeme;300;Réseau;;;;;
21647395;NR_M_Equipement (Action: Nettoyage / Matériel: OLT);SHL_59172_DENA;nro;4;Oui;2026-07-06 17:40:26;2026-07-06 17:42:03;2026-07-30 16:25:00;;2026-07-22 23:59:59;;[SIN3]Systeme;300;Réseau;;;;;
21647396;NR_M_Equipement (Action: Nettoyage / Matériel: OLT);SHL_59172_DENA;nro;4;Oui;2026-07-06 17:40:26;2026-07-06 17:42:03;2026-07-30 16:20:00;;2026-07-22 23:59:59;;[SIN3]Systeme;300;Réseau;;;;;
21647397;NR_M_Equipement (Action: Nettoyage / Matériel: OLT);SHL_59172_DENA;nro;4;Oui;2026-07-06 17:40:26;2026-07-06 17:42:03;2026-07-30 16:10:00;;2026-07-22 23:59:59;;[SIN3]Systeme;300;Réseau;;;;;
21647414;NR_M_Equipement (Action: Nettoyage / Matériel: OLT);SHL_59218_ETRO;nro;4;Non;2026-07-06 17:40:26;2026-07-06 17:42:03;;;2026-07-22 23:59:59;;[SIN3]Systeme;300;Réseau;;;;;
21647421;NR_M_Equipement (Action: Nettoyage / Matériel: OLT);SHL_59265_GOMM;nro;4;Non;2026-07-06 17:40:26;2026-07-06 17:42:03;;;2026-07-22 23:59:59;;[SIN3]Systeme;300;Réseau;;;;;
21647425;NR_M_Equipement (Action: Nettoyage / Matériel: OLT);SHL_59288_HAUL;nro;4;Non;2026-07-06 17:40:26;2026-07-06 17:42:04;;;2026-07-22 23:59:59;;[SIN3]Systeme;300;Réseau;;;;;
21647426;NR_M_Equipement (Action: Nettoyage / Matériel: OLT);SHL_59288_HAUL;nro;4;Non;2026-07-06 17:40:26;2026-07-06 17:42:04;;;2026-07-22 23:59:59;;[SIN3]Systeme;300;Réseau;;;;;
21647427;NR_M_Equipement (Action: Nettoyage / Matériel: OLT);SHL_59288_HAUL;nro;4;Non;2026-07-06 17:40:26;2026-07-06 17:42:04;;;2026-07-22 23:59:59;;[SIN3]Systeme;300;Réseau;;;;;
21647428;NR_M_Equipement (Action: Nettoyage / Matériel: OLT);SHL_59288_HAUL;nro;4;Non;2026-07-06 17:40:26;2026-07-06 17:42:04;;;2026-07-22 23:59:59;;[SIN3]Systeme;300;Réseau;;;;;
21647444;NR_M_Equipement (Action: Nettoyage / Matériel: OLT);SHL_59550_LAND;nro;4;Non;2026-07-06 17:40:26;2026-07-06 17:42:04;;;2026-07-22 23:59:59;;[SIN3]Systeme;300;Réseau;;;;;
21647445;NR_M_Equipement (Action: Nettoyage / Matériel: OLT);SHL_59481_LEQU;nro;4;Non;2026-07-06 17:40:26;2026-07-06 17:42:04;;;2026-07-22 23:59:59;;[SIN3]Systeme;300;Réseau;;;;;
21647446;NR_M_Equipement (Action: Nettoyage / Matériel: OLT);SHL_59481_LEQU;nro;4;Non;2026-07-06 17:40:26;2026-07-06 17:42:04;;;2026-07-22 23:59:59;;[SIN3]Systeme;300;Réseau;;;;;
21647450;NR_M_Equipement (Action: Nettoyage / Matériel: OLT);SHL_59353_LOCQ;nro;4;Non;2026-07-06 17:40:26;2026-07-06 17:42:04;;;2026-07-22 23:59:59;;[SIN3]Systeme;300;Réseau;;;;;
21647467;NR_M_Equipement (Action: Nettoyage / Matériel: OLT);SHL_59389_MANI;nro;4;Non;2026-07-06 17:40:26;2026-07-06 17:42:04;;;2026-07-22 23:59:59;;[SIN3]Systeme;300;Réseau;;;;;
21647488;NR_M_Equipement (Action: Nettoyage / Matériel: OLT);SHL_59558_SAUL;nro;4;Non;2026-07-06 17:40:26;2026-07-06 17:42:04;;;2026-07-22 23:59:59;;[SIN3]Systeme;300;Réseau;;;;;
21647489;NR_M_Equipement (Action: Nettoyage / Matériel: OLT);SHL_59558_SAUL;nro;4;Non;2026-07-06 17:40:26;2026-07-06 17:42:04;;;2026-07-22 23:59:59;;[SIN3]Systeme;300;Réseau;;;;;
21647490;NR_M_Equipement (Action: Nettoyage / Matériel: OLT);SHL_59572_SOLR;nro;4;Non;2026-07-06 17:40:26;2026-07-06 17:42:04;;;2026-07-22 23:59:59;;[SIN3]Systeme;300;Réseau;;;;;
21647491;NR_M_Equipement (Action: Nettoyage / Matériel: OLT);SHL_59572_SOLR;nro;4;Non;2026-07-06 17:40:26;2026-07-06 17:42:04;;;2026-07-22 23:59:59;;[SIN3]Systeme;300;Réseau;;;;;
21647503;NR_M_Equipement (Action: Nettoyage / Matériel: OLT);SHL_59541_PYTH;nro;4;Non;2026-07-06 17:40:26;2026-07-06 17:42:05;;;2026-07-22 23:59:59;;[SIN3]Systeme;300;Réseau;;;;;
21647504;NR_M_Equipement (Action: Nettoyage / Matériel: OLT);SHL_59541_PYTH;nro;4;Non;2026-07-06 17:40:26;2026-07-06 17:42:05;;;2026-07-22 23:59:59;;[SIN3]Systeme;300;Réseau;;;;;
21647510;NR_M_Equipement (Action: Nettoyage / Matériel: OLT);SHL_59601_TREL;nro;4;Non;2026-07-06 17:40:26;2026-07-06 17:42:05;;;2026-07-22 23:59:59;;[SIN3]Systeme;300;Réseau;;;;;
21647512;NR_M_Equipement (Action: Nettoyage / Matériel: OLT);SHL_59370_MAIR;nro;4;Non;2026-07-06 17:40:26;2026-07-06 17:42:05;;;2026-07-22 23:59:59;;[SIN3]Systeme;300;Réseau;;;;;
21647513;NR_M_Equipement (Action: Nettoyage / Matériel: OLT);SHL_59631_WASE;nro;4;Non;2026-07-06 17:40:26;2026-07-06 17:42:05;;;2026-07-22 23:59:59;;[SIN3]Systeme;300;Réseau;;;;;
21647514;NR_M_Equipement (Action: Nettoyage / Matériel: OLT);SHL_59631_WASE;nro;4;Non;2026-07-06 17:40:26;2026-07-06 17:42:05;;;2026-07-22 23:59:59;;[SIN3]Systeme;300;Réseau;;;;;
21654807;FO_M_Fibre (Action: Reprise tube);BON59;pm;2;Oui;2026-07-07 16:58:07;2026-07-07 17:01:06;2026-07-30 09:00:00;2026-07-20 11:48:39;2026-07-09 23:59:59;2026-07-28 14:16:52;[SIN3]Nyx;3600;Fibre;;;Retrait;Accès;150842
21655533;BTS_EXPLOIT (Action: Test débit);59345_002_05;bts;5;Non;2026-07-07 23:28:03;2026-07-07 23:31:03;;;2026-07-30 23:59:59;;[SIN3]Systeme;600;MER;;;;;
21664410;BTS_EXPLOIT (Action: Test débit);59392_011_01;bts;5;Non;2026-07-08 23:28:04;2026-07-08 23:31:03;;;2026-07-31 23:59:59;;[SIN3]Systeme;600;MER;;;;;
21670937;BTS_DEP/VDR_Materiel (Action: Inventaire SOL / Type : Upgrade);59035_003_01;bts;5;Non;2026-07-09 20:53:05;2026-07-09 20:56:03;;;2026-08-03 23:59:59;;Interface RDV Child;3000;TPS+MRS;;;;;
21670938;BTS_DEP/VDR_Materiel (Action: Inventaire AERIEN / Type : Upgrade);59035_003_01;bts;5;Non;2026-07-09 20:53:05;2026-07-09 20:56:03;;;2026-08-03 23:59:59;;Interface RDV Child;5700;Radio;;;;;
21670939;BTS_DEP/VDR_Audit (Action: Vérification recette autonome FM / Conf: C10);59035_003_01;bts;4;Non;2026-07-09 20:53:05;2026-07-09 20:56:03;;;2026-07-27 23:59:59;;Interface RDV Child;3600;MER;;;;;
21671058;BTS_EXPLOIT (Action: Test débit);59389_001_01;bts;5;Non;2026-07-09 23:28:02;2026-07-09 23:31:02;;;2026-08-03 23:59:59;;[SIN3]Systeme;600;MER;;;;;
21679300;BTS_EXPLOIT (Action: Test débit);59221_002_01;bts;5;Non;2026-07-10 23:28:07;2026-07-10 23:31:03;;;2026-08-04 23:59:59;;[SIN3]Systeme;600;MER;;;;;
21688248;PM_M_Fibre (action: GTA);CAN59;pm;2;Oui;2026-07-13 15:49:08;2026-07-13 15:51:09;2026-07-30 14:55:00;;2026-07-16 23:59:59;2026-07-28 14:16:34;[SIN3]Nyx;1800;Fibre;;;Retrait;Accès;151733
21689727;BTS_EXPLOIT (Action: Test débit);59484_002_01;bts;5;Non;2026-07-13 23:28:07;2026-07-13 23:31:03;;;2026-08-05 23:59:59;;[SIN3]Systeme;600;MER;;;;;
21691072;BTS_EXPLOIT (Action: Test débit);59606_012_04;bts;5;Non;2026-07-14 23:28:05;2026-07-14 23:31:03;;;2026-08-05 23:59:59;;[SIN3]Systeme;600;MER;;;;;
21698351;BTS_EXPLOIT (Action: Test débit);59606_017_01;bts;5;Non;2026-07-15 23:28:06;2026-07-15 23:31:03;;;2026-08-06 23:59:59;;[SIN3]Systeme;600;MER;;;;;
21706560;BTS_MA_Antenne (Raison: VSWR alarm - ROS);59606_014_01;bts;3;Non;2026-07-16 22:04:08;2026-07-16 22:06:03;;;2026-07-23 23:59:59;;[CORSAIR]GBTS;6300;MER;;;;;
21706795;BTS_EXPLOIT (Action: Test débit);59014_002_01;bts;5;Non;2026-07-16 23:28:07;2026-07-16 23:31:03;;;2026-08-07 23:59:59;;[SIN3]Systeme;600;MER;;;;;
21711775;BTS_MS_Module Système (Matériel: FPRB / Raison: Alimentation);59383_003_01;bts;3;Oui;2026-07-17 14:51:20;2026-07-17 14:56:03;2026-07-30 13:00:00;;2026-07-24 23:59:59;2026-07-29 07:55:40;[CORSAIR]GBTS;5400;MER;;;Validé;DAS effectuée avec délai de prévenance;152655
21712585;BDE_Sollicitation;BON59;pm;5;Non;2026-07-17 15:59:29;2026-07-17 15:59:29;2026-07-17 15:59:29;;;;[Artix]GoT;1800;Fibre;;;;;
21713976;BTS_EXPLOIT (Action: Test débit);59302_001_01;bts;5;Non;2026-07-17 23:28:03;2026-07-17 23:31:03;;;2026-08-10 23:59:59;;[SIN3]Systeme;600;MER;;;;;
21714145;BTS_DEP/VDR_Materiel (Action: Remise en conformité / Type: VPE);59284_001_01;bts;5;Non;2026-07-18 00:46:04;2026-07-18 00:51:03;;;2026-08-10 23:59:59;;[SIN3]Presta;4800;MER;;;;;
21715537;BTS_DEP/VDR_Materiel (Action: Remise en conformité / Type: VPE);59269_001_01;bts;5;Non;2026-07-19 00:46:03;2026-07-19 00:51:03;;;2026-08-10 23:59:59;;[SIN3]Presta;4800;MER;;;;;
21722833;NR_DEP/VDR_Documents (Action: Signature / Type: Annexe D);CAU59;nra;5;Non;2026-07-20 17:35:39;2026-07-20 17:36:04;;;2026-08-11 23:59:59;;[ARWEN]DNR;600;Réseau;;;;;
21722859;NR_DEP/VDR_Documents (Action: Signature / Type: Annexe D);CAU59;nra;5;Non;2026-07-20 17:42:02;2026-07-20 17:46:02;;;2026-08-11 23:59:59;;[ARWEN]DNR;600;Réseau;;;;;
21723501;BTS_EXPLOIT (Action: Test débit);59361_003_01;bts;5;Non;2026-07-20 23:28:03;2026-07-20 23:31:03;;;2026-08-11 23:59:59;;[SIN3]Systeme;600;MER;;;;;
21730695;BTS_MA_Module RF (Matériel: AEQQ / Raison: Non détecté);59136_002_01;bts;3;Non;2026-07-21 23:21:11;2026-07-21 23:26:03;;;2026-07-28 23:59:59;;[CORSAIR]GBTS;6300;MER;;;;;
21738022;BTS_EXPLOIT (Action: Test débit);59139_003_01;bts;5;Non;2026-07-23 00:02:07;2026-07-23 00:06:02;;;2026-08-13 23:59:59;;[SIN3]Systeme;600;TPS+MRS;;;;;
21738079;BTS_EXPLOIT (Action: Test débit);59104_004_01;bts;5;Non;2026-07-23 00:02:07;2026-07-23 00:06:02;;;2026-08-13 23:59:59;;[SIN3]Systeme;600;MER;;;;;
21741404;BTS_DEP/VDR_Materiel (Action: Inventaire AERIEN / Type : Initial);59544_006_01;bts;5;Non;2026-07-23 13:06:51;2026-07-23 13:11:04;;;2026-08-03 23:59:59;;RDV Odt secondaire;6000;Radio;;;;;
21741405;BTS_DEP/VDR_Materiel (Action: Inventaire SOL / Type : Initial);59544_006_01;bts;5;Non;2026-07-23 13:06:51;2026-07-23 13:11:04;;;2026-08-03 23:59:59;;RDV Odt secondaire;3600;TPS+MRS;;;;;
21741406;BTS_DEP/VDR_Recette (Type: Finale / Technologie: Airscale natif 5G);59544_006_01;bts;5;Oui;2026-07-23 13:06:51;2026-07-23 13:11:04;2026-08-03 09:00:00;;2026-08-03 23:59:59;;Interface RDV;5700;MER;;;;;
21742588;NR_M_Fibre (action: GTA);CAN59;nro;2;Oui;2026-07-23 15:04:08;2026-07-23 15:06:05;2026-07-30 14:10:00;;2026-07-27 23:59:59;2026-07-28 14:17:04;[SIN3]Nyx;1800;Fibre;;;Validé;Aucune disponibilité technicien;152601
21743012;FO_M_Fibre (Action: Changement câble);BON59;pm;4;Oui;2026-07-23 15:52:38;2026-07-23 15:56:03;2026-07-31 11:55:00;;2026-08-06 23:59:59;;[SIN3]Nyx;14400;Fibre;;;;;
21744333;BTS_EXPLOIT (Action: Test débit);59172_014_02;bts;5;Non;2026-07-24 00:02:07;2026-07-24 00:06:03;;;2026-08-14 23:59:59;;[SIN3]Systeme;600;MER;;;;;
21744342;BTS_EXPLOIT (Action: Test débit);59313_001_01;bts;5;Non;2026-07-24 00:02:07;2026-07-24 00:06:03;;;2026-08-14 23:59:59;;[SIN3]Systeme;600;MER;;;;;
21744447;BTS_EXPLOIT (Action: Test débit);59139_008_01;bts;5;Non;2026-07-24 00:02:08;2026-07-24 00:06:03;;;2026-08-14 23:59:59;;[SIN3]Systeme;600;MER;;;;;
21744742;BTS_MA_Module RF (Matériel: ARHA / Raison: Non détecté);59122_011_05;bts;3;Non;2026-07-24 06:41:08;2026-07-24 06:46:02;;;2026-07-31 23:59:59;;[CORSAIR]GBTS;5100;MER;;;;;
21748876;NR_EXPLOIT_NRJ (Action: Pose / Matériel: Départ NRJ);MAU59;nra;4;Non;2026-07-24 14:37:18;2026-07-27 13:51:02;2026-08-03 00:00:00;;2026-08-17 23:59:59;;[SIN3]ACDC;2700;Réseau;;;;;
21748877;Pose de breakout;MAU59;nra;4;Non;2026-07-24 14:37:18;2026-07-27 13:51:02;2026-08-03 00:00:00;;2026-08-17 23:59:59;;[SIN3]ACDC;1800;Réseau;;;;;
21748925;BTS_MA_Module RF (Matériel: FRPD / Raison: En défaut);59151_001_01;bts;3;Non;2026-07-24 14:41:09;2026-07-24 14:46:02;;;2026-07-31 23:59:59;;[CORSAIR]GBTS;5100;MER;;;;;
21750889;BTS_EXPLOIT (Action: Test débit);59068_002_01;bts;5;Non;2026-07-25 00:53:20;2026-07-25 00:56:03;;;2026-08-17 23:59:59;;[SIN3]Systeme;600;MER;;;;;
21750901;BTS_EXPLOIT (Action: Test débit);59593_001_01;bts;5;Non;2026-07-25 00:53:20;2026-07-25 00:56:03;;;2026-08-17 23:59:59;;[SIN3]Systeme;600;MER;;;;;
21752977;BTS_MA_Module RF (Matériel: FRPD / Raison: En défaut);59118_002_01;bts;3;Non;2026-07-26 20:59:09;2026-07-26 21:01:03;;;2026-08-03 23:59:59;;[CORSAIR]GBTS;5100;MER;;;;;
21754863;SIMBOX_M_Equipement (Raison: Flash Ubuntu);EKF-0098;ekf;3;Non;2026-07-27 10:31:41;2026-07-27 10:36:06;;;2026-08-21 23:59:59;;[SIN3]Systeme;3600;Réseau;;;;;
21754868;SIMBOX_M_Equipement (Raison: Flash Ubuntu);EKF-0222;ekf;3;Non;2026-07-27 10:31:41;2026-07-27 10:36:07;;;2026-08-21 23:59:59;;[SIN3]Systeme;3600;Réseau;;;;;
21754873;SIMBOX_M_Equipement (Raison: Flash Ubuntu);EKF-0351;ekf;3;Non;2026-07-27 10:31:41;2026-07-27 10:36:08;;;2026-08-21 23:59:59;;[SIN3]Systeme;3600;Réseau;;;;;
21754884;SIMBOX_M_Equipement (Raison: Flash Ubuntu);EKF-0723;ekf;3;Non;2026-07-27 10:31:41;2026-07-27 10:36:10;;;2026-08-21 23:59:59;;[SIN3]Systeme;3600;Réseau;;;;;
21754886;SIMBOX_M_Equipement (Raison: Flash Ubuntu);EKF-0802;ekf;3;Non;2026-07-27 10:31:41;2026-07-27 10:36:10;;;2026-08-21 23:59:59;;[SIN3]Systeme;3600;Réseau;;;;;
21754888;SIMBOX_M_Equipement (Raison: Flash Ubuntu);EKF-0811;ekf;3;Non;2026-07-27 10:31:41;2026-07-27 10:36:11;;;2026-08-21 23:59:59;;[SIN3]Systeme;3600;Réseau;;;;;
21754893;SIMBOX_M_Equipement (Raison: Flash Ubuntu);EKF-0887;ekf;3;Non;2026-07-27 10:31:41;2026-07-27 10:36:12;;;2026-08-21 23:59:59;;[SIN3]Systeme;3600;Réseau;;;;;
21754894;SIMBOX_M_Equipement (Raison: Flash Ubuntu);EKF-0897;ekf;3;Non;2026-07-27 10:31:41;2026-07-27 10:36:12;;;2026-08-21 23:59:59;;[SIN3]Systeme;3600;Réseau;;;;;
21754897;SIMBOX_M_Equipement (Raison: Flash Ubuntu);EKF-0998;ekf;3;Non;2026-07-27 10:31:41;2026-07-27 10:36:13;;;2026-08-21 23:59:59;;[SIN3]Systeme;3600;Réseau;;;;;
21754905;SIMBOX_M_Equipement (Raison: Flash Ubuntu);EKF-1198;ekf;3;Non;2026-07-27 10:31:41;2026-07-27 10:36:15;;;2026-08-21 23:59:59;;[SIN3]Systeme;3600;Réseau;;;;;
21754922;SIMBOX_M_Equipement (Raison: Flash Ubuntu);EKF-1966;ekf;3;Non;2026-07-27 10:31:41;2026-07-27 10:36:19;;;2026-08-21 23:59:59;;[SIN3]Systeme;3600;Réseau;;;;;
21758161;FO_M_Fibre (Action: Changement câble);CAN59;pm;4;Oui;2026-07-27 15:17:35;2026-07-27 15:21:03;2026-08-03 10:35:00;;2026-08-10 23:59:59;;[SIN3]Nyx;14400;Fibre;;;;;
21758183;PM_M_Fibre (action: GTA);CAN59;pm;2;Oui;2026-07-27 15:19:11;2026-07-27 15:21:05;2026-08-03 10:05:00;;2026-07-29 23:59:59;2026-07-28 14:56:15;[SIN3]Nyx;1800;Fibre;;;Validé;Aucune disponibilité technicien;152602
21758347;PM_M_Fibre (action: GTA);CAN59;pm;2;Oui;2026-07-27 15:34:09;2026-07-27 15:36:09;2026-08-03 09:35:00;;2026-07-29 23:59:59;2026-07-28 14:56:28;[SIN3]Nyx;1800;Fibre;;;Validé;Aucune disponibilité technicien;152603
21758543;PM_CI_Equipement (Action: Migration / Matériel: Tiroir / Type: 3 splitters);ADR_59387_LEB5;pm;4;Non;2026-07-27 15:52:27;2026-07-27 15:56:03;;;2026-07-31 23:59:59;;odt_cr;7200;Réseau;;;;;
21759626;BTS_MS_Module Système (Matériel: FPRB / Raison: Investigation);59139_008_01;bts;3;Non;2026-07-27 19:51:15;2026-07-27 19:56:02;;;2026-08-03 23:59:59;;[CORSAIR]GBTS;1500;MER;;;;;
21759834;BTS_EXPLOIT (Action: Test débit);59383_009_01;bts;5;Non;2026-07-28 00:02:13;2026-07-28 00:06:03;;;2026-08-18 23:59:59;;[SIN3]Systeme;600;MER;;;;;
21760277;NR_M_Equipement (Action: Nettoyage / Matériel: Châssis V3);AUY59;nra;4;Non;2026-07-28 07:49:05;2026-07-28 07:51:03;;;2026-08-04 23:59:59;;[SIN3]Systeme;600;Réseau;;;;;
21760279;NR_M_Equipement (Action: Nettoyage / Matériel: Châssis V3);CAT59;nra;4;Non;2026-07-28 07:49:06;2026-07-28 07:51:03;2026-08-04 10:00:00;;2026-08-04 23:59:59;;[SIN3]Systeme;600;Réseau;;;;;
21760285;NR_M_Equipement (Action: Nettoyage / Matériel: Châssis V3);ENG59;nra;4;Non;2026-07-28 07:49:07;2026-07-28 07:51:03;2026-08-04 10:00:00;;2026-08-04 23:59:59;;[SIN3]Systeme;600;Réseau;;;;;
21760288;NR_M_Equipement (Action: Nettoyage / Matériel: Châssis V3);GOM59;nra;4;Non;2026-07-28 07:49:08;2026-07-28 07:51:03;2026-08-04 10:00:00;;2026-08-04 23:59:59;;[SIN3]Systeme;600;Réseau;;;;;
21760293;NR_M_Equipement (Action: Nettoyage / Matériel: Châssis V3);IWU59;nra;4;Non;2026-07-28 07:49:11;2026-07-28 07:51:03;;;2026-08-04 23:59:59;;[SIN3]Systeme;600;Réseau;;;;;
21760309;NR_M_Equipement (Action: Nettoyage / Matériel: Châssis V3);WLG59;nra;4;Non;2026-07-28 07:49:20;2026-07-28 07:51:03;2026-08-04 10:00:00;;2026-08-04 23:59:59;;[SIN3]Systeme;600;Réseau;;;;;
21763431;NR_MES_Réseau (Matériel: Manage OLT);CAM59;nra;3;Non;2026-07-28 11:50:04;2026-07-28 11:51:14;2026-08-13 00:00:00;;2026-08-14 23:59:59;;[SIN3]Systeme;1800;Réseau;;;;;
21765223;PM_M_Fibre (action: GTA);CAN59;pm;2;Oui;2026-07-28 14:49:09;2026-07-28 14:51:05;2026-08-03 09:00:00;;2026-07-30 23:59:59;2026-07-28 15:39:55;[SIN3]Nyx;1800;Fibre;;;Validé;Aucune disponibilité technicien;152635
21768209;BTS_EXPLOIT (Action: Test débit);59544_003_01;bts;5;Non;2026-07-29 00:02:48;2026-07-29 00:06:02;;;2026-08-19 23:59:59;;[SIN3]Systeme;600;MER;;;;;
21770250;BTS_MS_Module Système (Matériel: FPBC / Raison: Slave non détecté);59392_015_01;bts;5;Non;2026-07-29 10:10:50;2026-07-29 10:11:07;;;2026-07-29 23:59:59;;[CORSAIR]GBTS;5400;MER;;;;;
21772889;BTS_MS_NRJ (Raison: Alimentation);59659_002_01;bts;3;Non;2026-07-29 14:38:44;2026-07-29 14:41:08;;;2026-08-03 23:59:59;;[CORSAIR]GBTS;2100;MER;;;;;
21773306;PM_M_Equipement (Action: Vérification / Raison: Absence de signal);FI-59032-0008;pm;2;Oui;2026-07-29 15:19:10;2026-07-29 15:21:05;2026-07-30 14:55:00;;2026-07-31 23:59:59;;[SIN3]Nyx;900;Réseau;;;;;
21774607;BTS_MS_Module Système (Matériel: AA27530L / Raison: En defaut);59225_002_03;bts;3;Non;2026-07-29 17:59:10;2026-07-29 18:01:03;;;2026-08-05 23:59:59;;[CORSAIR]GBTS;1800;MER;;;;;
21774652;NR_M_Equipement (Action: Vérification / Matériel: Châssis);AVH59;nra;1;Oui;2026-07-29 18:14:45;2026-07-29 18:16:03;2026-07-29 18:45:00;;2026-07-30 18:14:45;;[SIN3]ISI;1800;MER;;;;;
